semester,section,theme,category,summary,sentiment,year
20242,O2,instructor,Overall impression: instructor,The instructor received positive feedback for being helpful and approachable.,positive,2024
20242,O2,instructor,Instructor's Teaching Approach & Expertise,"The instructor's evening case debriefs and briefings were particularly beneficial, especially for students without a legal background.",positive,2024
20242,O2,instructor,"Instructor's Communication, Feedback & Support",The instructor was praised for being quick to respond to questions and providing valuable insights.,positive,2024
20242,O2,course,Learning Outcomes & Course Value,The course provided a strong intellectual stimulation that enhanced understanding of the subject matter.,positive,2024
20242,O2,course,Course Content & Materials,Group discussions were highlighted as a valuable component that contributed to a deeper understanding of the course content.,positive,2024
20242,O2,course,Overall impression: course,The course was well-received for its engaging and intellectually stimulating environment.,positive,2024
20243,A1,course,Learning Outcomes & Course Value,"The course provided valuable insights into financial regulation, helping students understand their rights as investors and avoid potential scams. It offered a solid foundation of knowledge that is applicable in real-life situations.",positive,2024
20243,A1,course,"Assessments, Assignments & Grading","Suggestions for more short answers or case analysis in exams were noted, indicating a desire for varied assessment methods.",positive,2024
20243,A1,course,Overall impression: course,"Overall, the course was well-received, with many students expressing that it was good and valuable for their understanding of the securities industry.",positive,2024
20243,A1,course,Course Content & Materials,"The course content was comprehensive and insightful, effectively covering financial laws, regulations, and real-world applications through case studies.",positive,2024
20243,A1,instructor,"Instructor's Communication, Feedback & Support",The instructor demonstrated patience and was accommodating and helpful throughout the semester.,positive,2024
20243,A1,instructor,Overall impression: instructor,"The instructor is perceived as nice and good, with a strong positive impression from students.",positive,2024
20243,A1,instructor,Instructor's Teaching Approach & Expertise,The instructor effectively covered a lot of material during class.,positive,2024
20243,A1,technology,Course Content & Materials,"The course content includes challenging material, particularly in security laws, which may not align with all students' needs. Some students found the textbook-heavy approach to be less engaging and suggested a need for more interactive elements.",positive,2024
20243,A1,technology,"Course Technology, Organization & Logistics","The workload distribution throughout the semester was noted as uneven, with suggestions for a more balanced approach.",positive,2024
20243,A2,instructor,Overall impression: instructor,"The instructor is highly regarded, with many students expressing strong appreciation for their teaching abilities and overall effectiveness.",positive,2024
20243,A2,instructor,Instructor's Teaching Approach & Expertise,"The instructor employs engaging and comprehensive teaching methods, allowing students to learn at their own pace and effectively explaining complex concepts.",positive,2024
20243,A2,instructor,"Instructor's Communication, Feedback & Support","The instructor fosters an interactive classroom environment, encouraging participation and providing clear explanations that enhance understanding.",positive,2024
20243,A2,technology,"Course Technology, Organization & Logistics","The class is well organized, with effective communication among students, although there are suggestions for improved use of slides and incorporation of real-life experiences.",positive,2024
20243,A2,course,Learning Outcomes & Course Value,"The course significantly enhanced understanding of financial laws, trading, and financial fraud, providing valuable insights and practical skills such as case analysis and writing.",positive,2024
20243,A2,course,Course Content & Materials,"The course content effectively covered important regulations and case studies related to the securities market, which were highlighted as key components for understanding the law and its applications.",positive,2024
20243,A3,course,"Assessments, Assignments & Grading","While the course was engaging and informative, there were concerns about the concentration of assignments in the last month and the slow grading of assignments.",positive,2024
20243,A3,course,Learning Outcomes & Course Value,"The course effectively provided valuable knowledge on finance laws, financial ethics, and regulations, which are essential for finance professionals.",positive,2024
20243,A3,course,Course Content & Materials,"The course content was rich and included case studies, offering a comprehensive understanding of securities laws and anti-fraud measures.",positive,2024
20243,A3,course,Overall impression: course,"Overall, the course was well-received, with students finding it fun, engaging, and beneficial to their learning.",positive,2024
20243,A3,instructor,Overall impression: instructor,The instructor is well-liked and appreciated for their engaging personality and humor.,positive,2024
20243,A3,instructor,Instructor's Teaching Approach & Expertise,"The instructor effectively explains complex topics, such as securities laws, and fosters valuable in-class interactions.",positive,2024
20243,A4,course,"Assessments, Assignments & Grading",The presentations and case write-ups assigned in the course were beneficial for deepening understanding of laws and enhancing soft skills such as teamwork and time management.,positive,2024
20243,A4,course,Learning Outcomes & Course Value,"The course significantly improved understanding of financial regulations and securities laws, providing valuable knowledge applicable to professional development and investment practices.",positive,2024
20243,A4,course,Course Content & Materials,"The course content was comprehensive and effectively aligned with the materials provided, covering essential topics in financial regulation and securities markets.",positive,2024
20243,A4,course,Overall impression: course,"Overall, the course was highly regarded for its engaging delivery and thorough exploration of relevant topics, contributing to a positive learning experience.",positive,2024
20243,A4,technology,"Course Technology, Organization & Logistics","The course was well organized, although there are suggestions for enhancing presentations and incorporating field trips or guest lecturers to improve engagement.",positive,2024
20243,A4,instructor,Overall impression: instructor,"The instructor is well-liked for his humorous and charming demeanor, creating an enjoyable classroom experience. His professional background and extensive knowledge in law contribute positively to the learning environment.",positive,2024
20243,A4,instructor,Instructor's Teaching Approach & Expertise,"The instructor employs an animated teaching style that engages students and simplifies complex concepts, making them accessible to novices. He tailors his approach to accommodate diverse student backgrounds and provides real-world insights to enhance understanding.",positive,2024
20243,A4,instructor,"Instructor's Communication, Feedback & Support","The instructor fosters a supportive atmosphere where students feel comfortable asking questions, and he provides clear, detailed explanations and feedback. His willingness to listen to student opinions and address their questions effectively enhances the overall learning experience.",positive,2024
20243,A5,course,Learning Outcomes & Course Value,The course significantly improved understanding of finance regulations and provided useful information for exam preparation.,positive,2024
20243,A5,course,"Assessments, Assignments & Grading",The case write-up assignments were particularly helpful in enhancing comprehension of the material.,positive,2024
20243,A5,course,Overall impression: course,"The course is generally well-received, with students finding it informative and enjoyable.",positive,2024
20243,A5,course,Course Content & Materials,The course content is relevant to real-world concepts and covers a wide range of regulations.,positive,2024
20243,A5,instructor,"Instructor's Communication, Feedback & Support","The instructor is responsive and provides prompt feedback, demonstrating patience and support for student inquiries.",positive,2024
20243,A5,instructor,Overall impression: instructor,"The instructor is highly regarded for their enthusiasm, responsibility, and ability to engage students effectively.",positive,2024
20243,A5,instructor,Instructor's Teaching Approach & Expertise,"The instructor excels in making complex subjects accessible through clear explanations, innovative teaching methods, and the use of real-life case studies to enhance learning.",positive,2024
20243,O2,instructor,Overall impression: instructor,The instructor is highly knowledgeable and creates an engaging learning environment.,positive,2024
20243,O2,instructor,Instructor's Teaching Approach & Expertise,"The instructor effectively simplifies complex topics and applies real-world examples, making the course interesting and interactive.",positive,2024
20243,O2,instructor,"Instructor's Communication, Feedback & Support",The instructor fosters a sense of belonging in the classroom and delivers content in a clear and effective manner.,positive,2024
20243,O2,course,Learning Outcomes & Course Value,The course effectively enhanced understanding of financial regulations and provided valuable insights for making informed financial decisions.,positive,2024
20243,O2,course,Overall impression: course,"The course was well-received, with students expressing enjoyment and appreciation for the learning experience.",positive,2024
20243,O2,course,Course Content & Materials,"The course content was comprehensive, featuring good references to applied cases and offering real-world experience.",positive,2024
20243,O2,technology,Course Content & Materials,"The course provided a broader view of the subject matter, enhancing understanding of the topics covered.",positive,2024
20244,A1,instructor,Overall impression: instructor,"The instructor is highly regarded for their passion, kindness, and excellent teaching skills, contributing to a positive overall impression.",positive,2024
20244,A1,instructor,Instructor's Teaching Approach & Expertise,"The instructor's engaging teaching style, use of examples, and ability to make complex content accessible were frequently highlighted as strengths.",positive,2024
20244,A1,instructor,"Instructor's Communication, Feedback & Support","The instructor provided clear explanations and encouraged student learning, demonstrating effective communication and support.",positive,2024
20244,A1,course,Learning Outcomes & Course Value,"The course significantly enhanced understanding of financial laws and regulations, providing valuable insights and practical knowledge applicable to the financial industry.",positive,2024
20244,A1,course,Course Content & Materials,"The course content was engaging and relevant, with valuable readings and notes that contributed to a comprehensive understanding of financial law and its implications.",positive,2024
20244,A1,course,Overall impression: course,"The course was highly enjoyable and well-received, with students expressing a strong appreciation for the knowledge gained.",positive,2024
20244,A2,course,Learning Outcomes & Course Value,"The course significantly enhanced understanding of financial regulations and legal terms, providing valuable knowledge and practical applications of financial laws.",positive,2024
20244,A2,course,"Assessments, Assignments & Grading","Assignments such as case write-ups and the current event research paper were beneficial, adding value to the learning experience.",positive,2024
20244,A2,course,Course Content & Materials,"The course content was comprehensive, effectively covering various aspects of financial regulations and including practical exercises and relevant readings.",positive,2024
20244,A2,instructor,"Instructor's Communication, Feedback & Support",The instructor communicated effectively and demonstrated a caring and supportive attitude towards students.,positive,2024
20244,A2,instructor,Overall impression: instructor,"The instructor is highly regarded for their enthusiasm, strong performance, and overall positive impact on the learning experience.",positive,2024
20244,A2,instructor,Instructor's Teaching Approach & Expertise,"The instructor excels in conveying course material and brings content to life, enhancing student engagement.",positive,2024
20244,A2,technology,"Course Technology, Organization & Logistics","The course is well-organized, with clear communication in each lecture, and the availability of recorded lectures is particularly beneficial for note-taking and ensuring comprehension.",positive,2024
20244,O2,instructor,"Instructor's Communication, Feedback & Support","The instructor was consistently available for questions and provided timely responses, offering detailed guidance and support throughout the course. Feedback during recitation sessions was constructive, helping students gain clarity on complex materials.",positive,2024
20244,O2,instructor,Overall impression: instructor,"The instructor demonstrated a strong passion for the subject and effectively engaged students, creating an interesting and supportive learning environment.",positive,2024
20244,O2,instructor,Instructor's Teaching Approach & Expertise,"The instructor utilized effective teaching methods, breaking down complex case studies and providing clear instructions that enhanced understanding of the course material.",positive,2024
20244,O2,course,Learning Outcomes & Course Value,"The course significantly enhanced understanding of financial regulations, legal case analysis, and research methodologies, providing valuable skills and knowledge applicable to real-world scenarios.",positive,2024
20244,O2,course,"Assessments, Assignments & Grading",There is a desire for more opportunities to earn bonus points through assignments or in-class activities.,positive,2024
20244,O2,course,Overall impression: course,"The course was engaging and well-received, with students appreciating the comprehensive content and the opportunity to feel like law school students.",positive,2024
20244,O2,course,Course Content & Materials,"The course materials included a strong focus on case studies, legal terminology, and financial legislation, effectively facilitating learning through practical examples and enjoyable readings.",positive,2024
20244,O2,technology,"Course Technology, Organization & Logistics","The course duration is well-suited to the content provided, and it aligns well with the degree program. However, there is a suggestion for a more traditional format to enhance the learning experience.",positive,2024
20252,O2,instructor,Overall impression: instructor,"The instructor is highly regarded, with many students considering them the best they have encountered in their program, demonstrating exceptional teaching qualities and a strong passion for the subject.",positive,2025
20252,O2,instructor,Instructor's Teaching Approach & Expertise,"The instructor effectively presents lectures in an engaging manner and demonstrates a deep knowledge of the subject, fostering dynamic conversations and clear understanding of course expectations.",positive,2025
20252,O2,instructor,"Instructor's Communication, Feedback & Support","The instructor provides timely and constructive feedback, is readily available for questions, and offers additional help sessions that students find extremely beneficial.",positive,2025
20252,O2,technology,"Course Technology, Organization & Logistics","The course was well organized, with effective weekly meetings and structured post discussions that facilitated proactive learning and engagement. Additionally, the virtual live lectures contributed positively to the learning experience.",positive,2025
20252,O2,course,Course Content & Materials,"The course provided a well-rounded selection of materials, including thorough case studies and real-life applications that enhanced understanding of complex topics such as security laws and financial regulations.",positive,2025
20252,O2,course,Learning Outcomes & Course Value,"The course effectively improved students' analytical and legal skills, as well as their reading comprehension and ability to interpret laws, providing significant value for their academic and professional development.",positive,2025
20252,O2,course,"Assessments, Assignments & Grading","Assignments were well-organized and contributed to proactive learning, while weekly quizzes were suggested as a helpful tool for reinforcing understanding of the course material.",positive,2025
20252,O2,course,Overall impression: course,"The course was highly regarded, with students appreciating its engaging discussions, comprehensive content, and the solid foundation it provided for meeting course expectations.",positive,2025
20253,A1,course,"Assessments, Assignments & Grading","The assignments provided practical experience, and the group projects were viewed positively, contributing to the overall learning experience.",positive,2025
20253,A1,course,Learning Outcomes & Course Value,"The course helped in the development of work ethic and encouraged students to stay informed about global events, highlighting its value in real-world applications.",positive,2025
20253,A1,course,Course Content & Materials,"The course content was insightful and well-structured, effectively summarizing large amounts of information while providing valuable knowledge about business and law.",positive,2025
20253,A1,course,Overall impression: course,"The course was generally perceived as interesting and enjoyable, with a good class atmosphere and strong emphasis on professional skills.",positive,2025
20253,A1,instructor,Overall impression: instructor,"The instructor is highly regarded for being enjoyable, responsible, and possessing deep life experience, which contributes positively to the overall learning environment.",positive,2025
20253,A1,instructor,Instructor's Teaching Approach & Expertise,"The instructor employs an engaging teaching style and demonstrates deep knowledge of the subject matter, effectively using real-world experiences to enhance understanding.",positive,2025
20253,A1,technology,Course Content & Materials,"The course provided foundational knowledge in law, effectively introducing key concepts to those with no prior understanding.",positive,2025
20253,A3,course,Learning Outcomes & Course Value,"The course effectively met its learning outcomes, providing valuable insights into financial regulations, ethics, and practical applications, which enhanced students' understanding and critical thinking skills.",positive,2025
20253,A3,course,"Assessments, Assignments & Grading","The group project and various assessments, including presentations and essays, were well-received and contributed positively to the learning experience.",positive,2025
20253,A3,course,Overall impression: course,"The course was dynamic, enjoyable, and resourceful, with a strong emphasis on real-world relevance and practical applications of financial regulations and ethics.",positive,2025
20253,A3,course,Course Content & Materials,"The course content was comprehensive, covering essential regulations and ethical frameworks, and included useful resources, case studies, and guest speakers that enriched the learning experience.",positive,2025
20253,A3,technology,"Course Technology, Organization & Logistics","There is a suggestion for the instructor to provide additional study materials, such as notes or bullet points, to assist with student preparation.",positive,2025
20253,A3,instructor,Overall impression: instructor,"The instructor is highly regarded and considered one of the best in the program, with a friendly demeanor and a strong ability to engage students.",positive,2025
20253,A3,instructor,Instructor's Teaching Approach & Expertise,"The teaching approach is effective, incorporating relevant videos and encouraging participation, while simplifying complex concepts and focusing on good learning methods.",positive,2025
20253,A3,instructor,"Instructor's Communication, Feedback & Support","The instructor is approachable and provides clear support, helping students master the material and addressing any doubts effectively.",positive,2025
20253,A5,instructor,Overall impression: instructor,"The instructor is highly regarded for their caring nature and ability to create a positive learning environment, making it one of the best experiences for students.",positive,2025
20253,A5,instructor,Instructor's Teaching Approach & Expertise,"The instructor employs engaging and thought-provoking lectures, demonstrating expertise across various fields, which enhances the learning experience.",positive,2025
20253,A5,instructor,"Instructor's Communication, Feedback & Support","The instructor is praised for their supportive communication style, patience in providing feedback, and willingness to accommodate students' needs.",positive,2025
20253,A5,course,"Assessments, Assignments & Grading","The assignments and examinations were thought-provoking and required extensive consultation of materials, enhancing self-learning abilities.",positive,2025
20253,A5,course,Learning Outcomes & Course Value,"The course provided valuable knowledge and insights related to securities law, regulations, and compliance, contributing to a strong understanding of relevant topics.",positive,2025
20253,A5,course,Course Content & Materials,"The course content was comprehensive, effectively breaking down complex material and including practical cases that enhanced learning.",positive,2025
20253,A5,course,Overall impression: course,"The course exceeded expectations, with students expressing enjoyment and appreciation for the learning experience.",positive,2025
20253,A5,technology,"Course Technology, Organization & Logistics","The course is well-organized and structured, providing informative content that enhances the learning experience.",positive,2025
20253,O2,instructor,"Instructor's Communication, Feedback & Support","The instructor was highly responsive to emails and provided quick feedback, which facilitated progress in the course. Strong support and clear explanations contributed to a positive learning environment.",positive,2025
20253,O2,instructor,Overall impression: instructor,"The instructor left a positive impression through effective communication and support, enhancing the overall course experience.",positive,2025
20253,O2,instructor,Instructor's Teaching Approach & Expertise,"The instructor demonstrated expertise by simplifying complex topics and using real-world examples, making the material accessible and engaging for students.",positive,2025
20253,O2,course,Learning Outcomes & Course Value,"The course offered valuable insights into financial regulations and their real-world applications, enhancing students' understanding of the subject matter. Participation in discussions and case studies contributed significantly to the learning experience, providing key takeaways and practical knowledge.",positive,2025
20253,O2,course,Course Content & Materials,"The course content was comprehensive and relevant, featuring structured materials, case studies, and readings that reinforced learning. The integration of historical and contemporary examples helped students grasp the evolution of finance laws and their implications.",positive,2025
20253,O2,course,Overall impression: course,"The course was highly regarded for its engaging and informative nature, providing a great learning experience that inspired students. Overall, it was seen as a valuable and enlightening semester.",positive,2025
20253,O2,technology,"Course Technology, Organization & Logistics","The course was well-organized, with a clear syllabus that effectively guided students, and the availability of recorded classes provided valuable support for reviewing content.",positive,2025
20242,O2,course,Learning Outcomes & Course Value,"The course presented significant challenges and demanded a considerable time investment, which may impact its perceived value for some students.",negative,2024
20242,O2,technology,"Course Technology, Organization & Logistics",The course is perceived as challenging.,negative,2024
20243,A1,course,"Assessments, Assignments & Grading","Concerns were raised about the mid-term exam, including issues with potential answer sharing and the presence of many similar questions, which may have affected the assessment's effectiveness.",negative,2024
20243,A1,course,Course Content & Materials,"The course content is perceived as overly theoretical, with suggestions to emphasize practical analysis of court cases and critiques instead of deep discussions on the law.",negative,2024
20243,A4,course,Learning Outcomes & Course Value,"The course presents significant challenges for those unfamiliar with regulations and laws, impacting perceived value and learning outcomes.",negative,2024
20243,A4,technology,"Course Technology, Organization & Logistics","There is a need for better time management, particularly in allocating more time for team presentations.",negative,2024
20243,A5,course,Overall impression: course,The course lacks engagement and fails to capture student interest.,negative,2024
20243,O2,course,"Assessments, Assignments & Grading","The course load is perceived as excessive relative to the time available, leading to concerns about the manageability of assessments and assignments.",negative,2024
20243,O2,course,Course Content & Materials,"The current format of discussions and the lack of clear reading priorities hinder effective learning, as students feel that summarizing the same material does not contribute to meaningful engagement.",negative,2024
20243,O2,technology,"Course Technology, Organization & Logistics",The comments provided lacked value and did not encourage further engagement.,negative,2024
20244,O2,instructor,"Instructor's Communication, Feedback & Support","Feedback was often delayed, with some students receiving it only after multiple discussions, and there was a desire for more detailed explanations in lecture notes.",negative,2024
20244,O2,course,"Assessments, Assignments & Grading","The grading rubric lacks clarity on criteria for achieving top marks, and grades are returned too slowly, hindering timely feedback for future assignments.",negative,2024
20244,O2,course,Learning Outcomes & Course Value,"There is a significant gap in understanding key terminology related to economic concepts, which may impact the ability to transition into relevant professional roles.",negative,2024
20244,O2,technology,Course Content & Materials,"The class content has been perceived as challenging, indicating potential difficulties in understanding the material.",negative,2024
20252,O2,instructor,Instructor's Teaching Approach & Expertise,"The instructor's teaching approach may need improvement, as students found the pace of the class challenging and noted inconsistencies in instructions provided during lectures.",negative,2025
20252,O2,instructor,"Instructor's Communication, Feedback & Support","There were issues with communication, particularly regarding conflicting instructions, which contributed to confusion and difficulty in following the course material.",negative,2025
20252,O2,course,"Assessments, Assignments & Grading","The workload from readings, cases, discussions, papers, and exams was excessive, making it challenging to manage. Additionally, the exam's detailed information requirements were unclear.",negative,2025
20252,O2,course,Course Content & Materials,"The course materials, including textbooks and powerpoints, were overwhelming, and the purpose and scope of assignments were poorly defined.",negative,2025
20252,O2,technology,"Course Technology, Organization & Logistics","The asynchronous format of the course created challenges for students unable to attend lectures at scheduled times, and there was confusion due to conflicting instructions provided by the instructor.",negative,2025
20253,A1,course,"Assessments, Assignments & Grading","The grading system appears to be overly stringent, with an emphasis on limiting high grades, which contributes to an excessive workload concentrated towards the end of the semester.",negative,2025
20253,A3,course,Course Content & Materials,"The textbook is excessively large, and the course would improve with the inclusion of more case studies and interactive discussions.",negative,2025
20253,A3,technology,"Course Technology, Organization & Logistics",The reliance on technology has contributed to a sense of isolation among students.,negative,2025
20253,A3,instructor,"Instructor's Communication, Feedback & Support","The instructor's pace of speech was too fast, making it difficult for students to follow along.",negative,2025
20253,A5,course,Course Content & Materials,The course lacks sufficient practice opportunities to enhance understanding of the laws and cases.,negative,2025
